Gene,(S) uid,(S) NM,(S) TF,(S) Region,(S) Strand,(S) MA Score,(S) PSSM Score,(S) ID,(S) MOTIF,(S) CONSENSUS,(S) Similarity,(S) Pareto
"ACO2","301","NM_001098","NF-kappaB","328-337","+","5.049802","7.5215","1","GGGAACTTCC","GGGAMTTYCC","0.8",10
"ACO2","302","NM_001098","CREB","401-406","+","3.124333","9.200311","1","CGTCAG","CGTCAN","0.83333333333333",14
"ACO2","299","NM_001098","HIF-1","251-264","+","7.470877","3.92385","1","GCCTGCTTGCGGCA","GNNKACGTGCGGNN","0.53571428571429",16
"ACO2","300","NM_001098","NF-kappaB","328-337","+","5.049802","7.335628","1","GGGAACTTCC","GGGRATTTCC","0.85",21
"ACO2","298","NM_001098","AhR","249-266","+","9.331304","0.670705","1","CAGCCTGCTTGCGGCAAA","CCYCNRRSTNGCGTGASA","0.5",28
"AP2B1","344","NM_001282","CRE-BP1:c-Jun","330-337","+","3.850937","9.35808","1","TGACGTCA","TGACGTYA","0.9375",7
"AP2B1","353","NM_001282","CRE-BP1:c-Jun","330-337","-","3.850937","9.35808","1","TGACGTCA","TGACGTYA","0.9375",7
"AP2B1","352","NM_001282","CREB","330-337","-","3.850937","9.140928","1","TGACGTCA","TGACGTMA","0.9375",15
"AP2B1","343","NM_001282","CREB","330-337","+","3.850937","9.140928","1","TGACGTCA","TGACGTMA","0.9375",15
"AP2B1","350","NM_001282","CREB","328-339","-","5.523738","7.103175","1","GATGACGTCACG","NSTGACGTMANN","0.625",16
"AP2B1","342","NM_001282","CREBATF","329-337","+","4.202566","8.385991","1","ATGACGTCA","NTGACGTNA","0.77777777777778",17
"AP2B1","349","NM_001282","ATF3","327-340","-","6.046767","5.928463","1","CGATGACGTCACGC","CBCTGACGTCANCS","0.70238095238095",21
"AP2B1","357","NM_001282","CRE-BP1:c-Jun","142-149","-","0.989492","9.35808","2","TGACGTCA","TGACGTYA","0.9375",25
"AP2B1","341","NM_001282","CREB","328-341","+","6.811949","5.071788","1","GATGACGTCACGCG","NNTKACGTCANNNS","0.57142857142857",25
"AP2B1","339","NM_001282","CREB","327-337","+","4.448953","7.752205","1","CGATGACGTCA","CNNTGACGTMA","0.77272727272727",25
"AP2B1","356","NM_001282","CRE-BP1:c-Jun","142-149","+","0.907534","9.35808","2","TGACGTCA","TGACGTYA","0.9375",26
"AP2B1","340","NM_001282","CREB","328-339","+","5.613084","6.228113","1","GATGACGTCACG","NSTGACGTMANN","0.625",28
"C9orf128","72","NM_001012446","Sp-1","44-53","+","5.628722","8.079699","1","CCCCACCCCC","CCCCGCCCCN","0.8",0
"C9orf128","57","NM_001012446","KROX","32-45","+","7.890783","4.258673","1","CGCGGCTCCGCTCC","CCCGCCCCCRCCCC","0.67857142857143",0
"C9orf128","74","NM_001012446","KROX","45-58","+","8.104984","4.034333","1","CCCACCCCCGGGGG","CCCGCCCCCRCCCC","0.60714285714286",0
"C9orf128","80","NM_001012446","CACCC-binding","47-62","+","9.144835","4.023945","1","CACCCCCGGGGGGTGG","CANCCNNWGGGTGDGG","0.64583333333333",0
"C9orf128","198","NM_001012446","CACCC-binding","46-61","-","9.118657","4.023945","1","CCACCCCCGGGGGGTG","CANCCNNWGGGTGDGG","0.52083333333333",1
"C9orf128","62","NM_001012446","RREB-1","39-52","+","7.788905","4.298506","1","CCGCTCCCCACCCC","CCCCAAACMMCCCC","0.64285714285714",2
"C9orf128","104","NM_001012446","Sp-1","52-64","+","7.620518","4.496828","1","CCGGGGGGTGGCC","NNGGGGCGGGGNN","0.53846153846154",2
"C9orf128","89","NM_001012446","CACCC-binding","49-64","+","9.379549","1.974727","1","CCCCCGGGGGGTGGCC","CANCCNNWGGGTGDGG","0.52083333333333",2
"C9orf128","61","NM_001012446","KROX","38-51","+","7.577536","4.415066","1","TCCGCTCCCCACCC","CCCGCCCCCRCCCC","0.71428571428571",3
"C9orf128","85","NM_001012446","Sp3","48-61","+","7.94597","3.869748","1","ACCCCCGGGGGGTG","ASMCTTGGGSRGGG","0.64285714285714",3
"C9orf128","130","NM_001012446","Sp-1","257-266","+","5.433713","7.825702","1","GCCCGCCCCC","CCCCGCCCCN","0.8",4
"C9orf128","268","NM_001012446","CP2/LBP-1c/LSF","97-111","+","8.060053","3.840767","4","GCTGCGCTGAACCGG","GCTGGNTNGNNCYNG","0.5",4
"C9orf128","124","NM_001012446","CP2/LBP-1c/LSF","153-167","+","8.060053","3.840767","1","GCTGCGCTGAACCGG","GCTGGNTNGNNCYNG","0.5",4
"C9orf128","106","NM_001012446","MAZR","53-65","+","7.40915","5.160805","1","CGGGGGGTGGCCT","NSGGGGGGGGMCN","0.69230769230769",5
"C9orf128","270","NM_001012446","Sp-1","161-170","+","5.006667","8.641641","4","CCCCGCCCCC","CCCCGCCCCN","0.9",5
"C9orf128","126","NM_001012446","Sp-1","217-226","+","5.006667","8.641641","1","CCCCGCCCCC","CCCCGCCCCN","0.9",5
"C9orf128","128","NM_001012446","AP-2","219-231","+","6.81275","6.178071","1","CCGCCCCCCGGCC","SNNNCCNCAGGCN","0.5",5
"C9orf128","272","NM_001012446","AP-2","163-175","+","6.81275","6.178071","4","CCGCCCCCCGGCC","SNNNCCNCAGGCN","0.5",5
"C9orf128","77","NM_001012446","CACCC-binding","46-61","+","9.118657","2.451848","1","CCACCCCCGGGGGGTG","CANCCNNWGGGTGDGG","0.52083333333333",6
"C9orf128","131","NM_001012446","KROX","258-271","+","6.544397","6.466861","1","CCCGCCCCCGCCCT","CCCGCCCCCRCCCC","0.89285714285714",6
"C9orf128","65","NM_001012446","KROX","40-53","+","7.788905","3.880936","1","CGCTCCCCACCCCC","CCCGCCCCCRCCCC","0.71428571428571",7
"C9orf128","59","NM_001012446","Pax-1","34-51","+","9.975266","0.446785","1","CGGCTCCGCTCCCCACCC","CCGTTCCGCTCTAGATAT","0.55555555555556",7
"C9orf128","88","NM_001012446","Sp3","49-62","+","8.206862","3.32568","1","CCCCCGGGGGGTGG","ASMCTTGGGSRGGG","0.57142857142857",7
"C9orf128","273","NM_001012446","AP-2","164-175","+","6.226406","6.418059","4","CGCCCCCCGGCC","MKCCCSCNGGCG","0.70833333333333",8
"C9orf128","262","NM_001012446","AP-2","89-104","+","8.669742","2.767946","4","GACTCCGGGCTGCGCT","GSCCSCRGGCNRNRNN","0.5",8
"C9orf128","209","NM_001012446","AP-2","50-61","-","6.906119","5.828234","1","CCCCGGGGGGTG","MKCCCSCNGGCG","0.5",8
"C9orf128","100","NM_001012446","Sp1","52-64","+","7.620518","3.930432","1","CCGGGGGGTGGCC","NGGGGGCGGGGYN","0.57692307692308",8
"C9orf128","129","NM_001012446","AP-2","220-231","+","6.226406","6.418059","1","CGCCCCCCGGCC","MKCCCSCNGGCG","0.70833333333333",8
"C9orf128","79","NM_001012446","AP-2","47-58","+","6.932297","5.652143","1","CACCCCCGGGGG","MKCCCSCNGGCG","0.66666666666667",8
"C9orf128","118","NM_001012446","AP-2","145-160","+","8.669742","2.767946","1","GACTCCGGGCTGCGCT","GSCCSCRGGCNRNRNN","0.5",8
"C9orf128","248","NM_001012446","AP-2gamma","6-14","+","4.898978","7.861018","6","GCCCGCGGC","GCCYNNGGS","0.66666666666667",9
"C9orf128","56","NM_001012446","AP-2gamma","29-37","+","4.898978","7.861018","1","GCCCGCGGC","GCCYNNGGS","0.66666666666667",9
"C9orf128","267","NM_001012446","E2F-1","97-112","+","8.646396","2.914029","4","GCTGCGCTGAACCGGC","TTGGCGCGRAANNGNM","0.5",9
"C9orf128","123","NM_001012446","E2F-1","153-168","+","8.646396","2.914029","1","GCTGCGCTGAACCGGC","TTGGCGCGRAANNGNM","0.5",9
"C9orf128","107","NM_001012446","Sp1","54-63","+","5.861488","6.346379","1","GGGGGGTGGC","GGGGCGGGGT","0.7",10
"C9orf128","113","NM_001012446","CAC-binding","55-63","+","5.248966","7.516288","1","GGGGGTGGC","GRGGSTGGG","0.77777777777778",10
"C9orf128","102","NM_001012446","MAZR","52-64","+","7.620518","3.900141","1","CCGGGGGGTGGCC","NSGGGGGGGGMCN","0.65384615384615",11
"C9orf128","111","NM_001012446","Sp-1","54-63","+","5.861488","6.337898","1","GGGGGGTGGC","GGGGCGGGGC","0.8",11
"C9orf128","253","NM_001012446","AP-2gamma","6-14","-","4.925902","7.654995","6","GCCCGCGGC","GCCYNNGGS","0.66666666666667",12
"C9orf128","137","NM_001012446","AP-2gamma","29-37","-","4.925902","7.654995","1","GCCCGCGGC","GCCYNNGGS","0.66666666666667",12
"C9orf128","271","NM_001012446","KROX","162-175","+","6.917015","5.318156","4","CCCGCCCCCCGGCC","CCCGCCCCCRCCCC","0.78571428571429",13
"C9orf128","109","NM_001012446","Sp1","54-66","+","7.40915","4.422389","1","GGGGGGTGGCCTC","NGGGGGCGGGGYN","0.57692307692308",13
"C9orf128","127","NM_001012446","KROX","218-231","+","6.917015","5.318156","1","CCCGCCCCCCGGCC","CCCGCCCCCRCCCC","0.78571428571429",13
"C9orf128","197","NM_001012446","Sp3","46-59","-","8.180685","3.02465","1","CCACCCCCGGGGGG","ASMCTTGGGSRGGG","0.5",13
"C9orf128","108","NM_001012446","Tax/CREB","54-68","+","8.125936","3.089731","1","GGGGGGTGGCCTCCG","GGGGGTTGACGYANA","0.56666666666667",14
"C9orf128","196","NM_001012446","Roaz","46-59","-","8.180685","2.981043","1","CCACCCCCGGGGGG","GCACCCAWGGGTGM","0.64285714285714",14
"C9orf128","252","NM_001012446","AP-2alpha","6-14","-","4.925902","7.589711","6","GCCCGCGGC","GCCNNNRGS","0.55555555555556",15
"C9orf128","136","NM_001012446","AP-2alpha","29-37","-","4.925902","7.589711","1","GCCCGCGGC","GCCNNNRGS","0.55555555555556",15
"C9orf128","94","NM_001012446","Sp3","50-63","+","8.206862","2.781612","1","CCCCGGGGGGTGGC","ASMCTTGGGSRGGG","0.53571428571429",16
"C9orf128","75","NM_001012446","Roaz","46-59","+","8.131161","2.981043","1","CCACCCCCGGGGGG","GCACCCAWGGGTGM","0.64285714285714",16
"C9orf128","202","NM_001012446","CACCC-binding","47-62","-","9.09248","1.548758","1","CACCCCCGGGGGGTGG","CANCCNNWGGGTGDGG","0.64583333333333",16
"C9orf128","254","NM_001012446","Zic1","1-9","+","5.222789","7.355074","4","GGGGTGGCC","KGGGTGGTC","0.83333333333333",16
"C9orf128","114","NM_001012446","Zic1","56-64","+","5.222789","7.355074","1","GGGGTGGCC","KGGGTGGTC","0.83333333333333",16
"C9orf128","55","NM_001012446","AP-2alpha","29-37","+","4.898978","7.624613","1","GCCCGCGGC","GCCNNNRGS","0.55555555555556",17
"C9orf128","247","NM_001012446","AP-2alpha","6-14","+","4.898978","7.624613","6","GCCCGCGGC","GCCNNNRGS","0.55555555555556",17
"C9orf128","67","NM_001012446","KROX","41-54","+","7.815082","3.348119","1","GCTCCCCACCCCCG","CCCGCCCCCRCCCC","0.57142857142857",20
"C9orf128","297","NM_001012446","AP-2gamma","166-174","-","4.572085","7.804054","4","CCCCCCGGC","GCCYNNGGS","0.55555555555556",20
"C9orf128","229","NM_001012446","AP-2gamma","222-230","-","4.572085","7.804054","1","CCCCCCGGC","GCCYNNGGS","0.55555555555556",20
"C9orf128","256","NM_001012446","Zic3","1-9","+","5.222789","7.165051","4","GGGGTGGCC","NGGGKGGTC","0.72222222222222",22
"C9orf128","205","NM_001012446","AP-2","49-60","-","6.932297","4.903955","1","CCCCCGGGGGGT","MKCCCSCNGGCG","0.5",22
"C9orf128","116","NM_001012446","Zic3","56-64","+","5.222789","7.165051","1","GGGGTGGCC","NGGGKGGTC","0.72222222222222",22
"C9orf128","125","NM_001012446","Tax/CREB","211-225","+","7.116953","4.388694","1","GTGACGCCCCGCCCC","RTGACGCATAYCCCC","0.7",25
"C9orf128","269","NM_001012446","Tax/CREB","155-169","+","7.116953","4.388694","4","GTGACGCCCCGCCCC","RTGACGCATAYCCCC","0.7",25
"C9orf128","76","NM_001012446","Sp3","46-59","+","8.131161","2.757044","1","CCACCCCCGGGGGG","ASMCTTGGGSRGGG","0.5",26
"C9orf128","283","NM_001012446","AP-2","88-99","-","6.486213","5.259697","4","CGACTCCGGGCT","MKCCCSCNGGCG","0.54166666666667",27
"C9orf128","84","NM_001012446","AP-2","48-59","+","6.958474","4.551772","1","ACCCCCGGGGGG","MKCCCSCNGGCG","0.58333333333333",28
"C9orf128","200","NM_001012446","AP-2","47-58","-","6.98182","4.463817","1","CACCCCCGGGGG","MKCCCSCNGGCG","0.66666666666667",29
"C9orf128","115","NM_001012446","Zic2","56-64","+","5.222789","7.126762","1","GGGGTGGCC","KGGGTGGTC","0.83333333333333",29
"C9orf128","58","NM_001012446","Tax/CREB","33-47","+","8.477127","2.230331","1","GCGGCTCCGCTCCCC","RTGACGCATAYCCCC","0.53333333333333",29
"C9orf128","255","NM_001012446","Zic2","1-9","+","5.222789","7.126762","4","GGGGTGGCC","KGGGTGGTC","0.83333333333333",29
"C9orf128","103","NM_001012446","EGR","52-62","+","6.447831","5.290592","1","CCGGGGGGTGG","GTGGGSGCRRS","0.5",30
"CCNA2","336","NM_001237","CRE-BP1:c-Jun","70-77","-","3.850937","9.35808","3","TGACGTCA","TGACGTYA","0.9375",7
"CCNA2","332","NM_001237","CRE-BP1:c-Jun","70-77","+","3.850937","9.35808","3","TGACGTCA","TGACGTYA","0.9375",7
"CCNA2","330","NM_001237","CREBATF","69-77","+","4.421763","8.385991","3","ATGACGTCA","NTGACGTNA","0.77777777777778",10
"CCNA2","335","NM_001237","CREB","70-77","-","3.850937","9.140928","3","TGACGTCA","TGACGTMA","0.9375",15
"CCNA2","331","NM_001237","CREB","70-77","+","3.850937","9.140928","3","TGACGTCA","TGACGTMA","0.9375",15
"CCNA2","337","NM_001237","CRE-BP1:c-Jun","33-40","+","1.465236","9.35808","7","TGACGTCA","TGACGTYA","0.9375",20
"CCNA2","338","NM_001237","CRE-BP1:c-Jun","33-40","-","1.406775","9.35808","7","TGACGTCA","TGACGTYA","0.9375",21
"CCNA2","329","NM_001237","CREB","32-37","+","2.341943","9.248616","1","CGTCAT","CGTCAN","0.83333333333333",25
"EIF2B1","358","NM_001414","AML-1a","2-7","+","1.051272","9.581742","1","TGTGGT","TGTGGT","1",1
"EIF2B1","359","NM_001414","AML1","2-7","+","1.051272","9.270582","1","TGTGGT","TGTGGT","1",26
"EIF2B1","358","NM_001414","AML-1a","2-7","+","1.051272","9.581742","1","TGTGGT","TGTGGT","1",1
"EIF2B1","359","NM_001414","AML1","2-7","+","1.051272","9.270582","1","TGTGGT","TGTGGT","1",26
"FDPS","360","NM_002004","CREB","17-22","+","3.098156","9.200311","1","CGTCAC","CGTCAN","0.83333333333333",21
"MAP2K1","426","NM_002755","Sp-1","53-62","+","4.824498","8.641641","1","CCCCGCCCCC","CCCCGCCCCN","0.9",6
"MAP2K1","432","NM_002755","ATF","82-95","+","6.76107","5.724242","1","CCGTGACGTATTTC","CNSTGACGTNNNYC","0.64285714285714",13
"MAP2K1","427","NM_002755","AP-2","55-67","+","5.852646","6.16168","1","CCGCCCCCAGGCA","SNNNCCNCAGGCN","0.57692307692308",16
"MAP2K1","434","NM_002755","Tax/CREB","84-98","+","7.373591","4.263755","1","GTGACGTATTTCCGC","RTGACGCATAYCCCC","0.73333333333333",19
"MAP2K1","435","NM_002755","CREB","98-103","+","2.886787","9.248616","1","CGTCAT","CGTCAN","0.83333333333333",19
"MAP2K1","457","NM_002755","CREB","4-9","+","2.886787","9.248616","12","CGTCAT","CGTCAN","0.83333333333333",19
"MAP2K1","467","NM_002755","Sp-1","11-20","+","4.29051","8.141638","8","GGGGCGGAGC","GGGGCGGGGC","0.9",23
"MAP2K1","458","NM_002755","Sp-1","53-62","+","4.29051","8.141638","12","GGGGCGGAGC","GGGGCGGGGC","0.9",23
"MAP2K1","436","NM_002755","Sp-1","147-156","+","4.29051","8.141638","1","GGGGCGGAGC","GGGGCGGGGC","0.9",23
"MAP2K1","433","NM_002755","CREB","82-92","+","5.424777","6.886098","1","CCGTGACGTAT","CNNTGACGTMA","0.68181818181818",23
"NFX1","364","NM_002504","CRE-BP1:c-Jun","109-116","+","3.668162","9.35808","1","TGACGTCA","TGACGTYA","0.9375",8
"NFX1","368","NM_002504","CRE-BP1:c-Jun","109-116","-","3.634722","9.35808","1","TGACGTCA","TGACGTYA","0.9375",9
"NFX1","363","NM_002504","CREB","109-116","+","3.668162","9.140928","1","TGACGTCA","TGACGTMA","0.9375",17
"NFX1","367","NM_002504","CREB","109-116","-","3.634722","9.140928","1","TGACGTCA","TGACGTMA","0.9375",19
"NFX1","365","NM_002504","CREB","112-117","+","2.91538","9.200311","1","CGTCAC","CGTCAN","0.83333333333333",22
"NFX1","362","NM_002504","CREBATF","108-116","+","4.254505","8.244662","1","CTGACGTCA","NTGACGTNA","0.77777777777778",23
"NFX1","361","NM_002504","E2F","97-102","+","3.139947","9.065326","1","GGCGCG","GGCGSG","0.91666666666667",29
"NRAS","380","NM_002524","MAZ","692-699","+","4.639277","8.862868","1","GGGGAGGG","GGGGAGGG","1",0
"NRAS","382","NM_002524","Sp-1","692-701","+","5.838142","7.024318","1","GGGGAGGGCG","GGGGCGGGGC","0.7",6
"NRAS","370","NM_002524","Oct-1","294-303","+","4.554195","8.241077","1","CATGCAAATG","TATGCAAATN","0.8",10
"NRAS","377","NM_002524","PPARalpha:RXR-alpha","680-698","+","8.978972","1.968788","1","TCAGGGGATGTGGGGGAGG","NNRGGTCATWGGGGTSANG","0.52631578947368",11
"NRAS","381","NM_002524","ETF","692-698","+","4.026756","8.428541","1","GGGGAGG","GVGGMGG","0.83333333333333",18
"NRAS","378","NM_002524","EGR","689-699","+","5.655919","6.260629","1","GTGGGGGAGGG","GTGGGSGCRRS","0.72727272727273",21
"NRAS","383","NM_002524","SRF","38-55","-","8.152105","2.766952","1","AGGACCATATGAGGGTAG","ATGCCCATATATGGWNNT","0.55555555555556",24
"NRAS","374","NM_002524","PXR","625-636","+","6.509559","5.302344","1","AGGGTCCCTGGC","RRGGTYANTRNM","0.54166666666667",26
"NRAS","376","NM_002524","AP-4","671-688","+","8.636579","2.031116","1","AGGGTCAGCTCAGGGGAT","WGARYCAGCTGYGGNCNK","0.55555555555556",26
"NRAS","379","NM_002524","CAC-binding","691-699","+","4.668423","7.516288","1","GGGGGAGGG","GRGGSTGGG","0.77777777777778",28
"NRAS","371","NM_002524","STAT","390-402","+","6.388927","5.350725","1","GCAGCTTCTAGGA","NNNNNTTCTKGGA","0.53846153846154",30
"OGDH","400","NM_002541","CRE-BP1:c-Jun","4-11","-","3.850937","9.35808","2","TGACGTCA","TGACGTYA","0.9375",7
"OGDH","396","NM_002541","CRE-BP1:c-Jun","4-11","+","3.850937","9.35808","2","TGACGTCA","TGACGTYA","0.9375",7
"OGDH","394","NM_002541","CREBATF","3-11","+","4.463458","8.545692","2","GTGACGTCA","NTGACGTNA","0.77777777777778",9
"OGDH","391","NM_002541","ATF-1","1-11","+","5.424777","7.33981","2","CTGTGACGTCA","CYYTGACGTCA","0.86363636363636",10
"OGDH","392","NM_002541","CREB","1-11","+","5.424777","7.312067","2","CTGTGACGTCA","CNNTGACGTMA","0.77272727272727",12
"OGDH","399","NM_002541","CREB","4-11","-","3.850937","9.140928","2","TGACGTCA","TGACGTMA","0.9375",15
"OGDH","395","NM_002541","CREB","4-11","+","3.850937","9.140928","2","TGACGTCA","TGACGTMA","0.9375",15
"OGDH","393","NM_002541","CREB","2-13","+","5.496357","6.881326","2","TGTGACGTCACG","NSTGACGTMANN","0.66666666666667",20
"OGDH","397","NM_002541","CREB","2-13","-","5.436062","6.705235","2","TGTGACGTCACG","NSTGACGTMANN","0.66666666666667",29
"RNASE13","46","NM_001012264","LEF1","459-464","+","2.628727","9.255446","1","TCAAAG","TCAAAG","1",15
"RNASE13","48","NM_001012264","NF-kappaB","618-627","-","4.720849","7.603687","1","GGACATTCCC","GGGAMTTYCC","0.7",21
"RNASEH1","470","NM_002936","Sp-1","5-14","-","5.645811","6.398959","1","GCCCCGGCCC","GGGGCGGGGC","0.5",18
"RPL18","45","NM_000979","CRE-BP1:c-Jun","582-589","-","2.856337","9.35808","1","TGACGTCA","TGACGTYA","0.9375",13
"RPL18","40","NM_000979","CRE-BP1:c-Jun","582-589","+","2.825457","9.35808","1","TGACGTCA","TGACGTYA","0.9375",14
"RPL18","41","NM_000979","CREB","585-590","+","3.098156","9.200311","1","CGTCAC","CGTCAN","0.83333333333333",21
"RPL23","34","NM_000978","CRE-BP1","125-132","+","2.303472","9.574734","12","TTACGTAA","TTACGTAA","1",1
"RPL23","38","NM_000978","CRE-BP1","14-21","+","2.303472","9.574734","9","TTACGTAA","TTACGTAA","1",1
"RPL23","39","NM_000978","CRE-BP1","14-21","-","2.252417","9.574734","9","TTACGTAA","TTACGTAA","1",3
"RPL23","35","NM_000978","CRE-BP1","125-132","-","2.252417","9.574734","12","TTACGTAA","TTACGTAA","1",3
"RPL23","37","NM_000978","CRE-BP1","22-29","-","1.346068","9.574734","4","TTACGTAA","TTACGTAA","1",5
"RPL23","36","NM_000978","CRE-BP1","22-29","+","1.343988","9.574734","4","TTACGTAA","TTACGTAA","1",6
"RPL9","9","NM_000661","AP-2","16-31","+","7.717981","3.813154","1","GGCCCCAGGGTGCGGG","GSCCSCRGGCNRNRNN","0.53125",12
"RPL9","25","NM_000661","AP-2","16-31","+","7.717981","3.813154","3","GGCCCCAGGGTGCGGG","GSCCSCRGGCNRNRNN","0.53125",12
"RPL9","33","NM_000661","Roaz","15-28","-","7.010668","4.914096","3","GGGCCCCAGGGTGC","GCACCCAWGGGTGM","0.71428571428571",16
"RPL9","17","NM_000661","Roaz","15-28","-","7.010668","4.914096","1","GGGCCCCAGGGTGC","GCACCCAWGGGTGM","0.71428571428571",16
"RPL9","7","NM_000661","Roaz","15-28","+","6.975763","4.884133","1","GGGCCCCAGGGTGC","GCACCCAWGGGTGM","0.71428571428571",18
"RPL9","23","NM_000661","Roaz","15-28","+","6.975763","4.884133","3","GGGCCCCAGGGTGC","GCACCCAWGGGTGM","0.71428571428571",18
"RPL9","24","NM_000661","CACCC-binding","15-30","+","7.717981","3.597976","3","GGGCCCCAGGGTGCGG","CANCCNNWGGGTGDGG","0.59375",19
"RPL9","8","NM_000661","CACCC-binding","15-30","+","7.717981","3.597976","1","GGGCCCCAGGGTGCGG","CANCCNNWGGGTGDGG","0.59375",19
"RPL9","6","NM_000661","VDR","14-28","+","7.588285","3.547181","1","GGGGCCCCAGGGTGC","GGGKNARNRRGGWSA","0.5",28
"RPL9","22","NM_000661","VDR","14-28","+","7.588285","3.547181","3","GGGGCCCCAGGGTGC","GGGKNARNRRGGWSA","0.5",28
"SLC25A3","407","NM_002635","Sp-1","230-239","+","5.22212","7.508021","1","GGGGCGGGAA","GGGGCGGGGC","0.8",11
"SLC25A3","405","NM_002635","Sp-1","228-240","+","6.754263","5.466527","1","CAGGGGCGGGAAT","NNGGGGCGGGGNN","0.61538461538462",17
"SLC25A3","406","NM_002635","MAZ","230-237","+","4.299665","8.298596","1","GGGGCGGG","GGGGAGGG","0.875",18
"SLC25A3","418","NM_002635","Nrf-1","71-80","+","4.954944","7.451771","4","CGCCTGCGCA","CGCATGCGCR","0.85",19
"SLC25A3","422","NM_002635","Nrf-1","12-21","+","4.954944","7.451771","6","CGCCTGCGCA","CGCATGCGCR","0.85",19
"SLC25A3","402","NM_002635","Nrf-1","170-179","+","4.954944","7.451771","1","CGCCTGCGCA","CGCATGCGCR","0.85",19
"SLC25A3","410","NM_002635","MIF-1","242-259","+","8.781577","1.800966","1","AGGTTGCTAGGAGAACGC","NNGTTGCWWGGYAACNGS","0.58333333333333",21
"SLC25A3","411","NM_002635","Nrf-1","168-177","-","5.276785","7.150741","1","CGCGCCTGCG","CGCATGCGCR","0.55",21
"SLC25A3","419","NM_002635","Nrf-1","69-78","-","5.276785","7.150741","4","CGCGCCTGCG","CGCATGCGCR","0.55",21
"SLC25A3","423","NM_002635","Nrf-1","10-19","-","5.276785","7.150741","6","CGCGCCTGCG","CGCATGCGCR","0.55",21
"SLC25A3","417","NM_002635","E2F","187-192","+","3.648949","8.869032","3","GGCGGG","GGCGSG","0.91666666666667",22
"SLC25A3","409","NM_002635","E2F","232-237","+","3.648949","8.869032","1","GGCGGG","GGCGSG","0.91666666666667",22
"SLC25A3","420","NM_002635","E2F","69-74","-","3.139947","9.065326","4","CGCGCC","GGCGSG","0.58333333333333",29
"SLC25A3","412","NM_002635","E2F","168-173","-","3.139947","9.065326","1","CGCGCC","GGCGSG","0.58333333333333",29
"SLC25A3","424","NM_002635","E2F","10-15","-","3.139947","9.065326","6","CGCGCC","GGCGSG","0.58333333333333",29
"SLC25A3","404","NM_002635","Sp1","228-240","+","6.754263","5.040591","1","CAGGGGCGGGAAT","NGGGGGCGGGGYN","0.61538461538462",30
"TAF11","496","NM_005643","ATF3","688-701","-","6.717898","5.229493","1","GGGTGATGTCATCG","CBCTGACGTCANCS","0.63095238095238",23
"TBL3","500","NM_006453","Hmx3","32-41","+","4.658065","7.838353","9","CAAGTGCGCG","CAAGTGCGTG","0.9",13
"TBL3","499","NM_006453","Hmx3","78-87","+","4.658065","7.838353","1","CAAGTGCGCG","CAAGTGCGTG","0.9",13
"TPP1","2","NM_000391","AP-2gamma","76-84","+","4.618721","7.759689","1","GCCCTGGGC","GCCYNNGGS","0.66666666666667",18
"TPP1","1","NM_000391","AP-2alpha","76-84","+","4.618721","7.701714","1","GCCCTGGGC","GCCNNNRGS","0.55555555555556",19
"TPP1","3","NM_000391","CREB","183-188","+","3.098156","9.200311","1","CGTCAC","CGTCAN","0.83333333333333",21
"TPT1","487","NM_003295","ATF6","154-161","-","3.586294","9.449133","1","CCACGTCA","TGACGTGG","0.5",0
"TPT1","474","NM_003295","Sp-1","129-138","+","5.365439","8.641641","1","CCCCGCCCCC","CCCCGCCCCN","0.9",3
"TPT1","475","NM_003295","KROX","130-143","+","6.113317","6.256008","1","CCCGCCCCCGCGCG","CCCGCCCCCRCCCC","0.82142857142857",11
"TPT1","476","NM_003295","CREB","157-162","+","3.098156","9.200311","1","CGTCAC","CGTCAN","0.83333333333333",21
"TTC1","490","NM_003314","CRE-BP1:c-Jun","50-57","+","3.309996","9.35808","1","TGACGTCA","TGACGTYA","0.9375",11
"TTC1","492","NM_003314","CRE-BP1:c-Jun","50-57","-","3.299224","9.35808","1","TGACGTCA","TGACGTYA","0.9375",12
"TTC1","489","NM_003314","CREB","50-57","+","3.309996","9.140928","1","TGACGTCA","TGACGTMA","0.9375",22
"TTC1","491","NM_003314","CREB","50-57","-","3.299224","9.140928","1","TGACGTCA","TGACGTMA","0.9375",24
"TTC1","488","NM_003314","CREBATF","49-57","+","3.880822","8.385991","1","ATGACGTCA","NTGACGTNA","0.77777777777778",30
"VPS37A","522","NM_152415","PAX6","685-698","+","7.4447","4.351925","1","CTGAGCTCGCGCTC","CTGACCTGGAACTM","0.67857142857143",9
"VPS37A","519","NM_152415","E2F-1","568-583","+","8.6232","2.50192","1","CTGGCGCCATCGCGCA","TTGGCGCGRAANNGNM","0.5",15
"VPS37A","516","NM_152415","CREB","448-453","+","2.886787","9.248616","1","CGTCAT","CGTCAN","0.83333333333333",19
"VPS37A","536","NM_152415","E2F","459-464","-","3.622772","9.065326","1","CGCGCC","GGCGSG","0.58333333333333",20
"VPS37A","524","NM_152415","KROX","703-716","+","7.389513","4.150231","1","TCCTCCTCCTCGCC","CCCGCCCCCRCCCC","0.64285714285714",21
"VPS37A","515","NM_152415","Sp-1","390-399","+","5.44353","6.767667","1","CACCGCCCTC","CCCCGCCCCN","0.7",21
"VPS37A","520","NM_152415","KROX","570-583","+","7.878097","3.197582","1","GGCGCCATCGCGCA","CCCGCCCCCRCCCC","0.53571428571429",24
"VPS37A","523","NM_152415","KROX","694-707","+","7.389513","3.976717","1","CGCTCCTCCTCCTC","CCCGCCCCCRCCCC","0.64285714285714",26
"VPS37A","521","NM_152415","Sp-1","638-647","+","4.093175","8.229461","1","CCCCTCCCCC","CCCCGCCCCN","0.8",29
"XAB2","510","NM_020196","Sp-1","607-617","+","4.372111","8.082052","1","G-GGGCGGGCC","GGGGCGGGGC","0.63636363636364",18
"ZNRD1","507","NM_014596","CRE-BP1:c-Jun","317-324","-","3.850937","9.35808","1","TGACGTCA","TGACGTYA","0.9375",7
"ZNRD1","503","NM_014596","CRE-BP1:c-Jun","317-324","+","3.850937","9.35808","1","TGACGTCA","TGACGTYA","0.9375",7
"ZNRD1","502","NM_014596","CREB","317-324","+","3.850937","9.140928","1","TGACGTCA","TGACGTMA","0.9375",15
"ZNRD1","506","NM_014596","CREB","317-324","-","3.850937","9.140928","1","TGACGTCA","TGACGTMA","0.9375",15
"ZNRD1","501","NM_014596","CREBATF","316-324","+","4.202566","8.385991","1","ATGACGTCA","NTGACGTNA","0.77777777777778",17
"ZNRD1","504","NM_014596","CREB","320-325","+","3.098156","9.200311","1","CGTCAC","CGTCAN","0.83333333333333",21
